decoder,noise,distance,rounds,p_phys,shots,errors,seconds,seed,commit
bp-osd,depolarizing,3,3,0.002,20000,38,0.6221,42,678ee59
bp-osd,depolarizing,3,3,0.003,20000,125,0.9113,42,678ee59
bp-osd,depolarizing,3,3,0.005,20000,312,1.4728,42,678ee59
bp-osd,depolarizing,3,3,0.007,20000,570,1.9188,42,678ee59
bp-osd,depolarizing,3,3,0.01,20000,1120,2.8291,42,678ee59
bp-osd,depolarizing,3,3,0.013,20000,1758,3.0597,42,678ee59
bp-osd,depolarizing,3,3,0.016,20000,2364,3.6002,42,678ee59
bp-osd,depolarizing,3,3,0.02,16384,2649,3.2723,42,678ee59
bp-osd,depolarizing,3,3,0.025,16384,3681,3.6014,42,678ee59
bp-osd,depolarizing,5,5,0.002,20000,10,37.4219,42,678ee59
bp-osd,depolarizing,5,5,0.003,20000,58,57.5294,42,678ee59
bp-osd,depolarizing,5,5,0.005,20000,192,88.2845,42,678ee59
bp-osd,depolarizing,5,5,0.007,20000,568,112.856,42,678ee59
bp-osd,depolarizing,5,5,0.01,20000,1458,133.5091,42,678ee59
bp-osd,depolarizing,5,5,0.013,16384,2238,116.5419,42,678ee59
bp-osd,depolarizing,5,5,0.016,16384,3336,125.0901,42,678ee59
bp-osd,depolarizing,5,5,0.02,8192,2339,65.7773,42,678ee59
bp-osd,depolarizing,5,5,0.025,8192,3093,63.7769,42,678ee59
